simbolo,beta,r2,vol_anual,periodo,fuente
AC,0.484,0.129,20.21,262 semanas,Refinitiv
ALPEKA,0.384,0.022,39.32,262 semanas,Refinitiv
ALSEA,0.666,0.107,30.61,262 semanas,Refinitiv
AMXB,0.667,0.183,23.4,262 semanas,Refinitiv
ASURB,1.077,0.347,27.48,262 semanas,Refinitiv
BBAJIOO,0.833,0.183,29.3,262 semanas,Refinitiv
BIMBOA,0.536,0.091,26.71,262 semanas,Refinitiv
BOLSAA,0.482,0.091,23.95,262 semanas,Refinitiv
CEMEXCPO,1.109,0.215,35.97,262 semanas,Refinitiv
CHDRAUIB,0.527,0.104,24.52,262 semanas,Refinitiv
CUERVO,0.627,0.08,33.25,262 semanas,Refinitiv
FEMSAUBD,0.664,0.199,22.37,262 semanas,Refinitiv
GAPB,1.235,0.307,33.49,262 semanas,Refinitiv
GCARSOA1,0.877,0.167,32.3,262 semanas,Refinitiv
GCC,0.839,0.218,27.0,262 semanas,Refinitiv
GENTERA,0.78,0.143,30.98,262 semanas,Refinitiv
GFINBURO,0.797,0.185,27.8,262 semanas,Refinitiv
GFNORTEO,0.904,0.224,28.72,262 semanas,Refinitiv
GMEXICOB,1.373,0.336,35.57,262 semanas,Refinitiv
GRUMAB,0.337,0.05,22.71,262 semanas,Refinitiv
IPC,0.848,0.699,15.24,262 semanas,Refinitiv
KIMBERA,0.716,0.211,23.42,262 semanas,Refinitiv
KOFUBL,0.567,0.16,21.32,262 semanas,Refinitiv
LABB,0.583,0.088,29.51,262 semanas,Refinitiv
LACOMERUBC,0.608,0.143,24.17,262 semanas,Refinitiv
LIVEPOLC1,0.513,0.129,21.43,262 semanas,Refinitiv
MEGACPO,0.66,0.094,32.43,262 semanas,Refinitiv
MEXTRAC,1.0,1.0,15.03,262 semanas,Refinitiv
OMAB,1.275,0.303,34.82,262 semanas,Refinitiv
ORBIA,1.023,0.188,35.52,262 semanas,Refinitiv
PEOLES,1.477,0.172,53.59,262 semanas,Refinitiv
PINFRA,0.71,0.208,23.38,262 semanas,Refinitiv
Q,0.531,0.075,29.23,262 semanas,Refinitiv
RA,0.904,0.225,28.63,262 semanas,Refinitiv
SIGMAFA,0.832,0.2,27.97,262 semanas,Refinitiv
TLEVISACPO,1.034,0.123,44.35,262 semanas,Refinitiv
VESTA,0.702,0.21,23.05,262 semanas,Refinitiv
VOLARA,1.185,0.131,49.2,262 semanas,Refinitiv
WALMEX,0.683,0.195,23.25,262 semanas,Refinitiv
