simbolo,precio,anterior,fecha_hora
AC,194.27,195.21,2026-10-07T19:52:56+00:00
ALPEKA,14.6,14.66,2026-10-07T19:52:56+00:00
ALSEA,47.07,46.43,2026-10-07T19:52:56+00:00
AMXB,20.26,20.12,2026-10-07T19:52:56+00:00
ASURB,418.01,433.99,2026-10-07T19:52:56+00:00
BBAJIOO,57.97,58.73,2026-10-07T19:52:56+00:00
BIMBOA,55.51,55.41,2026-10-07T19:52:56+00:00
BOLSAA,36.65,37.32,2026-10-07T19:52:56+00:00
CEMEXCPO,17.41,17.96,2026-10-07T19:52:56+00:00
CHDRAUIB,85.5,86.28,2026-10-07T19:52:56+00:00
CUERVO,13.71,13.82,2026-10-07T19:52:56+00:00
FEMSAUBD,210.52,210.96,2026-10-07T19:52:56+00:00
GAPB,361.84,377.86,2026-10-07T19:52:56+00:00
GCARSOA1,144.44,144.99,2026-10-07T19:52:56+00:00
GCC,176.08,176.9,2026-10-07T19:52:56+00:00
GENTERA,36.94,36.95,2026-10-07T19:52:56+00:00
GFINBURO,41.31,41.39,2026-10-07T19:52:56+00:00
GFNORTEO,189.68,191.95,2026-10-07T19:52:56+00:00
GMEXICOB,231.63,232.45,2026-10-07T19:52:56+00:00
GRUMAB,237.2,238.3,2026-10-07T19:52:56+00:00
KIMBERA,37.5,38.09,2026-10-07T19:52:56+00:00
KOFUBL,193.64,192.99,2026-10-07T19:52:56+00:00
LABB,12.83,12.86,2026-10-07T19:52:56+00:00
LACOMERUBC,31.25,31.5,2026-10-07T19:52:56+00:00
LIVEPOLC1,102.3,104.31,2026-10-07T19:52:56+00:00
MEGACPO,52.3,52.78,2026-10-07T19:52:56+00:00
MEXTRAC,63.36,64.06,2026-10-07T19:52:56+00:00
OMAB,206.49,213.03,2026-10-07T19:52:56+00:00
ORBIA,22.26,21.09,2026-10-07T19:52:56+00:00
PEOLES,877.51,888.36,2026-10-07T19:52:56+00:00
PINFRA,270.53,272.45,2026-10-07T19:52:56+00:00
Q,153.79,152.26,2026-10-07T19:52:56+00:00
RA,139.79,141.63,2026-10-07T19:52:56+00:00
SIGMAFA,18.43,18.37,2026-10-07T19:52:56+00:00
TLEVISACPO,7.93,8.16,2026-10-07T19:52:56+00:00
VESTA,60.91,60.0,2026-10-07T19:52:56+00:00
VOLARA,11.55,11.82,2026-10-07T19:52:56+00:00
WALMEX,46.8,46.64,2026-10-07T19:52:56+00:00
