simbolo,fecha_ex,dividendo,fecha_pago,fuente
LIVEPOLC1,2021-10-27,0.75,2021-10-29,Refinitiv
ALPEKA,2021-11-08,,2021-11-10,Refinitiv · 0.0265 USD: capturar el monto en MXN
PEOLES,2021-11-11,,2021-11-16,Refinitiv · 0.1258 USD: capturar el monto en MXN
WALMEX,2021-11-22,0.02,2021-11-24,Refinitiv
GFNORTEO,2021-11-26,2.645097,2021-11-30,Refinitiv
GMEXICOB,2021-11-29,1.75,2021-12-01,Refinitiv
LABB,2021-12-08,0.381679,2021-12-10,Refinitiv
OMAB,2021-12-10,5.126739,2021-12-14,Refinitiv
AC,2021-12-13,1.1,2021-12-15,Refinitiv
ORBIA,2021-12-13,0.522305,2021-12-15,Refinitiv
PINFRA,2021-12-23,2.427494,2021-12-27,Refinitiv
OMAB,2022-01-17,11.201924,2022-01-19,Refinitiv
LIVEPOLC1,2022-01-26,0.75,2022-01-28,Refinitiv
GMEXICOB,2022-03-02,1.75,2022-03-04,Refinitiv
ALPEKA,2022-03-10,,2022-03-14,Refinitiv · 0.082 USD: capturar el monto en MXN
SIGMAFA,2022-03-14,,2022-03-16,Refinitiv · 0.04 USD: capturar el monto en MXN
KIMBERA,2022-04-05,0.41,2022-04-07,Refinitiv
RA,2022-04-08,8.076209,2022-04-12,Refinitiv
RA,2022-04-08,4.073791,2022-04-12,Refinitiv
ORBIA,2022-04-11,0.617726,2022-04-13,Refinitiv
ORBIA,2022-04-11,0.154431,2022-04-13,Refinitiv
VESTA,2022-04-11,,2022-04-13,Refinitiv · 0.0207047 USD: capturar el monto en MXN
AC,2022-04-13,3.18,2022-04-19,Refinitiv
CHDRAUIB,2022-04-18,0.522497,2022-04-20,Refinitiv
KOFUBL,2022-04-29,2.715,2022-05-03,Refinitiv
FEMSAUBD,2022-05-03,1.7,2022-05-05,Refinitiv
LACOMERUBC,2022-05-04,0.19,2022-05-06,Refinitiv
Q,2022-05-05,4.0,2022-05-09,Refinitiv
BBAJIOO,2022-05-06,3.923006,2022-05-10,Refinitiv
GENTERA,2022-05-11,0.295714,2022-05-13,Refinitiv
BOLSAA,2022-05-12,2.16,2022-05-16,Refinitiv
GAPB,2022-05-12,7.2,2022-05-16,Refinitiv
GCC,2022-05-13,1.1621,2022-05-17,Refinitiv
BIMBOA,2022-05-17,0.65,2022-05-19,Refinitiv
OMAB,2022-05-20,4.614065,2022-05-24,Refinitiv
MEGACPO,2022-05-24,2.82,2022-05-26,Refinitiv
LIVEPOLC1,2022-05-25,1.02,2022-05-27,Refinitiv
GFNORTEO,2022-05-27,2.187905,2022-05-31,Refinitiv
GFNORTEO,2022-05-27,3.889552,2022-05-31,Refinitiv
TLEVISACPO,2022-05-27,0.35,2022-05-31,Refinitiv
ASURB,2022-05-30,6.0,2022-06-01,Refinitiv
ASURB,2022-05-30,9.03,2022-06-01,Refinitiv
GMEXICOB,2022-05-31,1.5,2022-06-02,Refinitiv
LABB,2022-06-06,0.381679,2022-06-08,Refinitiv
ORBIA,2022-06-13,0.155883,2022-06-15,Refinitiv
ORBIA,2022-06-13,0.623534,2022-06-15,Refinitiv
GCARSOA1,2022-06-23,0.5,2022-06-27,Refinitiv
KIMBERA,2022-07-05,0.41,2022-07-07,Refinitiv
GRUMAB,2022-07-06,1.35,2022-07-08,Refinitiv
VESTA,2022-07-13,,2022-07-15,Refinitiv · 0.0208628 USD: capturar el monto en MXN
OMAB,2022-07-21,1.281685,2022-07-25,Refinitiv
CUERVO,2022-08-02,0.42051,2022-08-04,Refinitiv
GMEXICOB,2022-08-25,1.0,2022-08-29,Refinitiv
BBAJIOO,2022-08-26,3.865768,2022-08-30,Refinitiv
PINFRA,2022-09-07,2.540437,2022-09-09,Refinitiv
ORBIA,2022-09-13,0.622941,2022-09-15,Refinitiv
ORBIA,2022-09-13,0.155735,2022-09-15,Refinitiv
KIMBERA,2022-10-04,0.41,2022-10-06,Refinitiv
GRUMAB,2022-10-05,1.35,2022-10-07,Refinitiv
LIVEPOLC1,2022-10-12,0.68,2022-10-14,Refinitiv
VESTA,2022-10-12,,2022-10-14,Refinitiv · 0.0208646 USD: capturar el monto en MXN
KOFUBL,2022-10-31,2.715,2022-11-03,Refinitiv
FEMSAUBD,2022-11-03,1.7,2022-11-07,Refinitiv
ALPEKA,2022-11-07,,2022-11-09,Refinitiv · 0.093 USD: capturar el monto en MXN
Q,2022-11-07,2.5,2022-11-09,Refinitiv
LABB,2022-11-09,0.381679,2022-11-11,Refinitiv
GAPB,2022-11-15,7.2,2022-11-17,Refinitiv
WALMEX,2022-11-17,0.5,2022-11-22,Refinitiv
WALMEX,2022-11-17,0.35,2022-11-22,Refinitiv
GENTERA,2022-11-18,0.296574,2022-11-23,Refinitiv
GMEXICOB,2022-11-23,0.75,2022-11-25,Refinitiv
BIMBOA,2022-11-24,0.65,2022-11-28,Refinitiv
AC,2022-11-25,3.0,2022-11-29,Refinitiv
KIMBERA,2022-11-29,0.41,2022-12-01,Refinitiv
GFNORTEO,2022-12-06,5.812127,2022-12-08,Refinitiv
ORBIA,2022-12-13,0.155977,2022-12-15,Refinitiv
ORBIA,2022-12-13,0.623908,2022-12-15,Refinitiv
GCARSOA1,2022-12-23,0.5,2022-12-27,Refinitiv
WALMEX,2022-12-23,0.5,2022-12-27,Refinitiv
WALMEX,2022-12-23,0.36,2022-12-27,Refinitiv
PINFRA,2022-12-26,5.292524,2022-12-28,Refinitiv
GRUMAB,2023-01-04,1.35,2023-01-06,Refinitiv
VESTA,2023-01-11,,2023-01-13,Refinitiv · 0.0208646 USD: capturar el monto en MXN
GMEXICOB,2023-02-28,1.0,2023-03-02,Refinitiv
OMAB,2023-02-28,3.716886,2023-03-02,Refinitiv
ALPEKA,2023-03-14,,2023-03-16,Refinitiv · 0.0755 USD: capturar el monto en MXN
SIGMAFA,2023-03-17,,2023-03-21,Refinitiv · 0.02 USD: capturar el monto en MXN
GRUMAB,2023-04-04,1.35,2023-04-10,Refinitiv
WALMEX,2023-04-05,0.75,2023-04-11,Refinitiv
KIMBERA,2023-04-11,0.405,2023-04-13,Refinitiv
AC,2023-04-13,3.5,2023-04-17,Refinitiv
VESTA,2023-04-13,,2023-04-17,Refinitiv · 0.0217658 USD: capturar el monto en MXN
CHDRAUIB,2023-04-17,0.9333,2023-04-19,Refinitiv
ORBIA,2023-04-19,,2023-04-21,Refinitiv · 0.031464 USD: capturar el monto en MXN
GENTERA,2023-04-25,0.576002,2023-04-27,Refinitiv
KOFUBL,2023-04-28,2.9,2023-05-03,Refinitiv
LACOMERUBC,2023-04-28,0.23,2023-05-03,Refinitiv
FEMSAUBD,2023-05-04,1.8322,2023-05-08,Refinitiv
Q,2023-05-05,2.5,2023-05-09,Refinitiv
RA,2023-05-05,3.8,2023-05-09,Refinitiv
BBAJIOO,2023-05-08,4.061247,2023-05-10,Refinitiv
BOLSAA,2023-05-11,2.3,2023-05-15,Refinitiv
BIMBOA,2023-05-16,0.78,2023-05-18,Refinitiv
GAPB,2023-05-16,3.71,2023-05-18,Refinitiv
GCC,2023-05-22,1.3364,2023-05-24,Refinitiv
MEGACPO,2023-05-23,2.96,2023-05-25,Refinitiv
LIVEPOLC1,2023-05-24,1.57,2023-05-26,Refinitiv
GMEXICOB,2023-05-25,1.0,2023-05-29,Refinitiv
ASURB,2023-05-29,9.93,2023-05-31,Refinitiv
TLEVISACPO,2023-05-29,0.35,2023-05-31,Refinitiv
LABB,2023-06-05,0.19608,2023-06-07,Refinitiv
GFNORTEO,2023-06-08,7.873896,2023-06-12,Refinitiv
PINFRA,2023-06-13,2.655384,2023-06-15,Refinitiv
OMAB,2023-06-20,4.614065,2023-06-22,Refinitiv
GCARSOA1,2023-06-28,0.6,2023-06-30,Refinitiv
ORBIA,2023-06-28,,2023-06-30,Refinitiv · 0.0314521 USD: capturar el monto en MXN
KIMBERA,2023-07-04,0.405,2023-07-06,Refinitiv
GRUMAB,2023-07-05,1.35,2023-07-07,Refinitiv
GAPB,2023-07-11,3.71,2023-07-13,Refinitiv
AMXB,2023-07-13,0.23,2023-07-17,Refinitiv
VESTA,2023-07-13,,2023-07-17,Refinitiv · 0.0180287 USD: capturar el monto en MXN
CUERVO,2023-08-01,0.49128,2023-08-03,Refinitiv
GMEXICOB,2023-08-24,0.8,2023-08-28,Refinitiv
OMAB,2023-09-18,1.281685,2023-09-20,Refinitiv
LABB,2023-09-27,0.19608,2023-09-29,Refinitiv
ORBIA,2023-09-27,,2023-09-29,Refinitiv · 0.0313524 USD: capturar el monto en MXN
KIMBERA,2023-10-03,0.405,2023-10-05,Refinitiv
GRUMAB,2023-10-04,1.35,2023-10-06,Refinitiv
GAPB,2023-10-10,3.71,2023-10-12,Refinitiv
LIVEPOLC1,2023-10-11,1.04,2023-10-13,Refinitiv
GFNORTEO,2023-10-12,5.20209,2023-10-16,Refinitiv
VESTA,2023-10-12,,2023-10-16,Refinitiv · 0.0180287 USD: capturar el monto en MXN
KOFUBL,2023-10-31,2.9,2023-11-03,Refinitiv
BBAJIOO,2023-11-01,1.353749,2023-11-06,Refinitiv
FEMSAUBD,2023-11-03,1.8322,2023-11-07,Refinitiv
Q,2023-11-07,2.5,2023-11-09,Refinitiv
AMXB,2023-11-09,0.23,2023-11-13,Refinitiv
GENTERA,2023-11-15,0.576732,2023-11-17,Refinitiv
AC,2023-11-17,2.22,2023-11-22,Refinitiv
GMEXICOB,2023-11-23,1.0,2023-11-27,Refinitiv
ASURB,2023-11-27,10.0,2023-11-29,Refinitiv
RA,2023-11-27,3.8,2023-11-29,Refinitiv
WALMEX,2023-11-27,0.56,2023-11-29,Refinitiv
WALMEX,2023-11-27,0.41,2023-11-29,Refinitiv
WALMEX,2023-12-04,0.56,2023-12-06,Refinitiv
WALMEX,2023-12-04,0.41,2023-12-06,Refinitiv
KIMBERA,2023-12-05,0.405,2023-12-07,Refinitiv
GAPB,2023-12-11,3.71,2023-12-14,Refinitiv
GCARSOA1,2023-12-18,0.6,2023-12-20,Refinitiv
PINFRA,2023-12-18,2.660061,2023-12-20,Refinitiv
LABB,2023-12-22,0.19608,2023-12-27,Refinitiv
ORBIA,2023-12-27,,2023-12-29,Refinitiv · 0.0314597 USD: capturar el monto en MXN
GRUMAB,2024-01-10,1.35,2024-01-12,Refinitiv
VESTA,2024-01-11,,2024-01-15,Refinitiv · 0.0171568 USD: capturar el monto en MXN
GMEXICOB,2024-02-29,0.8,2024-03-04,Refinitiv
SIGMAFA,2024-03-14,,2024-03-19,Refinitiv · 0.01 USD: capturar el monto en MXN
LABB,2024-03-21,0.19608,2024-03-25,Refinitiv
KIMBERA,2024-04-02,0.465,2024-04-04,Refinitiv
AC,2024-04-09,3.8,2024-04-11,Refinitiv
GRUMAB,2024-04-10,1.35,2024-04-12,Refinitiv
CHDRAUIB,2024-04-12,1.1889,2024-04-16,Refinitiv
KOFUBL,2024-04-12,1.52,2024-04-16,Refinitiv
VESTA,2024-04-12,,2024-04-16,Refinitiv · 0.0183189 USD: capturar el monto en MXN
FEMSAUBD,2024-04-16,1.0993,2024-04-18,Refinitiv
FEMSAUBD,2024-04-16,0.7701,2024-04-18,Refinitiv
ORBIA,2024-04-19,,2024-04-23,Refinitiv · 0.0209058 USD: capturar el monto en MXN
LACOMERUBC,2024-04-29,0.276,2024-05-02,Refinitiv
Q,2024-05-06,4.0,2024-05-08,Refinitiv
RA,2024-05-07,3.8,2024-05-09,Refinitiv
BBAJIOO,2024-05-08,3.702981,2024-05-10,Refinitiv
BOLSAA,2024-05-09,2.12,2024-05-13,Refinitiv
ALSEA,2024-05-10,1.2,2024-05-14,Refinitiv
BIMBOA,2024-05-10,0.94,2024-05-14,Refinitiv
GENTERA,2024-05-10,0.597802,2024-05-14,Refinitiv
GCC,2024-05-20,1.5369,2024-05-22,Refinitiv
MEGACPO,2024-05-21,3.08,2024-05-23,Refinitiv
OMAB,2024-05-21,5.44716,2024-05-23,Refinitiv
GMEXICOB,2024-05-22,1.0,2024-05-24,Refinitiv
LIVEPOLC1,2024-05-22,1.77,2024-05-24,Refinitiv
ASURB,2024-05-28,10.926,2024-05-29,Refinitiv
TLEVISACPO,2024-05-30,0.35,2024-05-31,Refinitiv
CEMEXCPO,2024-06-17,,2024-06-18,Refinitiv · 0.002067 USD: capturar el monto en MXN
LABB,2024-06-20,0.2,2024-06-21,Refinitiv
ASURB,2024-06-25,10.0,2024-06-26,Refinitiv
GCARSOA1,2024-06-27,0.75,2024-06-28,Refinitiv
GFNORTEO,2024-06-27,9.089478,2024-06-28,Refinitiv
ORBIA,2024-06-27,,2024-06-28,Refinitiv · 0.0209082 USD: capturar el monto en MXN
KIMBERA,2024-07-03,0.465,2024-07-04,Refinitiv
GRUMAB,2024-07-11,1.26,2024-07-12,Refinitiv
AMXB,2024-07-12,0.24,2024-07-15,Refinitiv
KOFUBL,2024-07-15,1.52,2024-07-16,Refinitiv
VESTA,2024-07-15,,2024-07-16,Refinitiv · 0.0183189 USD: capturar el monto en MXN
FEMSAUBD,2024-07-17,0.6945,2024-07-18,Refinitiv
FEMSAUBD,2024-07-17,0.0756,2024-07-18,Refinitiv
FEMSAUBD,2024-07-17,0.9915,2024-07-18,Refinitiv
FEMSAUBD,2024-07-17,0.1078,2024-07-18,Refinitiv
GAPB,2024-07-22,6.93,2024-07-23,Refinitiv
CUERVO,2024-08-05,0.39544,2024-08-06,Refinitiv
GMEXICOB,2024-08-27,1.2,2024-08-28,Refinitiv
AC,2024-08-28,2.5,2024-08-29,Refinitiv
BBAJIOO,2024-09-04,1.85149,2024-09-05,Refinitiv
CEMEXCPO,2024-09-13,,2024-09-17,Refinitiv · 0.002067 USD: capturar el monto en MXN
LABB,2024-09-13,0.2,2024-09-17,Refinitiv
ALPEKA,2024-09-18,,2024-09-19,Refinitiv · 0.0625 USD: capturar el monto en MXN
ORBIA,2024-09-26,,2024-09-27,Refinitiv · 0.0209735 USD: capturar el monto en MXN
KIMBERA,2024-10-02,0.465,2024-10-03,Refinitiv
GRUMAB,2024-10-10,1.26,2024-10-11,Refinitiv
LIVEPOLC1,2024-10-10,1.18,2024-10-11,Refinitiv
KOFUBL,2024-10-14,1.52,2024-10-15,Refinitiv
VESTA,2024-10-14,,2024-10-15,Refinitiv · 0.0184331 USD: capturar el monto en MXN
FEMSAUBD,2024-10-16,0.7701,2024-10-17,Refinitiv
FEMSAUBD,2024-10-16,1.0993,2024-10-17,Refinitiv
PINFRA,2024-10-25,2.664135,2024-10-28,Refinitiv
Q,2024-11-07,4.0,2024-11-08,Refinitiv
AMXB,2024-11-08,0.24,2024-11-11,Refinitiv
WALMEX,2024-11-11,0.49,2024-11-12,Refinitiv
WALMEX,2024-11-11,0.59,2024-11-12,Refinitiv
GENTERA,2024-11-13,0.597802,2024-11-14,Refinitiv
OMAB,2024-11-19,5.44716,2024-11-20,Refinitiv
GAPB,2024-11-25,6.93,2024-11-26,Refinitiv
GMEXICOB,2024-11-25,1.3,2024-11-26,Refinitiv
CHDRAUIB,2024-11-26,0.5187,2024-11-27,Refinitiv
RA,2024-11-27,3.8,2024-11-28,Refinitiv
KIMBERA,2024-12-04,0.465,2024-12-05,Refinitiv
KOFUBL,2024-12-06,1.52,2024-12-09,Refinitiv
WALMEX,2024-12-09,0.5,2024-12-10,Refinitiv
WALMEX,2024-12-09,0.59,2024-12-10,Refinitiv
CEMEXCPO,2024-12-10,0.041658,2024-12-11,Refinitiv
CHDRAUIB,2024-12-17,0.5187,2024-12-18,Refinitiv
GFNORTEO,2024-12-17,3.554726,2024-12-18,Refinitiv
LABB,2024-12-17,0.2,2024-12-18,Refinitiv
ORBIA,2024-12-17,,2024-12-18,Refinitiv · 0.0209845 USD: capturar el monto en MXN
GCARSOA1,2024-12-19,0.75,2024-12-20,Refinitiv
GRUMAB,2025-01-09,1.26,2025-01-10,Refinitiv
VESTA,2025-01-14,,2025-01-15,Refinitiv · 0.0186675 USD: capturar el monto en MXN
FEMSAUBD,2025-01-15,0.7701,2025-01-16,Refinitiv
FEMSAUBD,2025-01-15,1.0993,2025-01-16,Refinitiv
PINFRA,2025-01-29,2.666514,2025-01-30,Refinitiv
GMEXICOB,2025-02-27,1.1,2025-02-28,Refinitiv
CEMEXCPO,2025-03-10,0.041922,2025-03-11,Refinitiv
LABB,2025-03-13,0.2,2025-03-14,Refinitiv
AC,2025-04-02,4.12,2025-04-03,Refinitiv
KIMBERA,2025-04-02,0.51,2025-04-03,Refinitiv
SIGMAFA,2025-04-02,,2025-04-03,Refinitiv · 0.015 USD: capturar el monto en MXN
GRUMAB,2025-04-10,1.26,2025-04-11,Refinitiv
VESTA,2025-04-14,,2025-04-15,Refinitiv · 0.0203449 USD: capturar el monto en MXN
CHDRAUIB,2025-04-21,1.0446,2025-04-22,Refinitiv
KOFUBL,2025-04-22,1.84,2025-04-23,Refinitiv
LACOMERUBC,2025-04-22,0.276,2025-04-23,Refinitiv
FEMSAUBD,2025-04-24,2.5271,2025-04-25,Refinitiv
FEMSAUBD,2025-04-24,1.14565,2025-04-25,Refinitiv
GFNORTEO,2025-05-02,9.986697,2025-05-05,Refinitiv
CUERVO,2025-05-07,0.39721,2025-05-08,Refinitiv
Q,2025-05-08,5.0,2025-05-09,Refinitiv
BBAJIOO,2025-05-09,2.245611,2025-05-12,Refinitiv
BOLSAA,2025-05-09,2.05,2025-05-12,Refinitiv
GFINBURO,2025-05-09,1.0,2025-05-12,Refinitiv
RA,2025-05-09,4.6,2025-05-12,Refinitiv
GCC,2025-05-12,1.7674,2025-05-13,Refinitiv
BIMBOA,2025-05-13,1.0,2025-05-14,Refinitiv
GENTERA,2025-05-15,0.760427,2025-05-16,Refinitiv
MEGACPO,2025-05-21,3.34,2025-05-22,Refinitiv
LIVEPOLC1,2025-05-22,1.77,2025-05-23,Refinitiv
OMAB,2025-05-23,5.767581,2025-05-26,Refinitiv
GMEXICOB,2025-05-26,1.2,2025-05-27,Refinitiv
GAPB,2025-05-27,8.42,2025-05-28,Refinitiv
ASURB,2025-05-28,50.0,2025-05-29,Refinitiv
TLEVISACPO,2025-05-30,0.35,2025-06-02,Refinitiv
PINFRA,2025-06-03,1.333582,2025-06-04,Refinitiv
AC,2025-06-06,3.5,2025-06-09,Refinitiv
CEMEXCPO,2025-06-17,0.042315,2025-06-18,Refinitiv
GCARSOA1,2025-06-27,0.75,2025-06-30,Refinitiv
LABB,2025-06-30,0.2,2025-07-01,Refinitiv
KIMBERA,2025-07-02,0.51,2025-07-03,Refinitiv
GRUMAB,2025-07-10,1.44,2025-07-11,Refinitiv
AMXB,2025-07-11,0.26,2025-07-14,Refinitiv
VESTA,2025-07-14,,2025-07-15,Refinitiv · 0.0203419 USD: capturar el monto en MXN
KOFUBL,2025-07-15,1.84,2025-07-16,Refinitiv
FEMSAUBD,2025-07-17,2.5271,2025-07-18,Refinitiv
FEMSAUBD,2025-07-17,1.14565,2025-07-18,Refinitiv
GAPB,2025-08-13,8.42,2025-08-14,Refinitiv
PINFRA,2025-08-19,,2025-08-20,Refinitiv · 0.0712065 USD: capturar el monto en MXN
GMEXICOB,2025-09-04,1.3,2025-09-05,Refinitiv
BBAJIOO,2025-09-09,2.245611,2025-09-10,Refinitiv
CEMEXCPO,2025-09-17,0.041097,2025-09-18,Refinitiv
LABB,2025-09-18,0.2,2025-09-19,Refinitiv
ASURB,2025-09-29,15.0,2025-09-30,Refinitiv
KIMBERA,2025-10-01,0.51,2025-10-02,Refinitiv
GRUMAB,2025-10-09,1.44,2025-10-10,Refinitiv
LIVEPOLC1,2025-10-09,1.18,2025-10-10,Refinitiv
ALSEA,2025-10-13,0.534223,2025-10-14,Refinitiv
SIGMAFA,2025-10-13,,2025-10-14,Refinitiv · 0.0063 USD: capturar el monto en MXN
KOFUBL,2025-10-14,1.84,2025-10-15,Refinitiv
VESTA,2025-10-14,,2025-10-15,Refinitiv · 0.0203419 USD: capturar el monto en MXN
FEMSAUBD,2025-10-16,2.5271,2025-10-17,Refinitiv
FEMSAUBD,2025-10-16,1.14565,2025-10-17,Refinitiv
AC,2025-11-04,1.0,2025-11-05,Refinitiv
Q,2025-11-06,5.0,2025-11-07,Refinitiv
AMXB,2025-11-07,0.26,2025-11-10,Refinitiv
WALMEX,2025-11-18,0.19,2025-11-19,Refinitiv
WALMEX,2025-11-18,0.65,2025-11-19,Refinitiv
GENTERA,2025-11-19,0.760427,2025-11-20,Refinitiv
CHDRAUIB,2025-11-24,0.5913,2025-11-25,Refinitiv
ASURB,2025-11-26,15.0,2025-11-27,Refinitiv
OMAB,2025-11-26,5.767581,2025-11-27,Refinitiv
RA,2025-11-26,3.35,2025-11-27,Refinitiv
GMEXICOB,2025-11-28,1.5,2025-12-01,Refinitiv
BBAJIOO,2025-12-02,0.898245,2025-12-03,Refinitiv
KIMBERA,2025-12-03,0.51,2025-12-04,Refinitiv
PINFRA,2025-12-03,,2025-12-04,Refinitiv · 0.13338 USD: capturar el monto en MXN
GFNORTEO,2025-12-08,6.990688,2025-12-09,Refinitiv
KOFUBL,2025-12-08,1.573622,2025-12-09,Refinitiv
KOFUBL,2025-12-08,0.266378,2025-12-09,Refinitiv
CEMEXCPO,2025-12-15,0.040404,2025-12-16,Refinitiv
WALMEX,2025-12-16,0.65,2025-12-17,Refinitiv
WALMEX,2025-12-16,0.2,2025-12-17,Refinitiv
CHDRAUIB,2025-12-17,0.5913,2025-12-18,Refinitiv
GCARSOA1,2025-12-18,0.75,2025-12-19,Refinitiv
LABB,2025-12-22,0.2,2025-12-23,Refinitiv
GRUMAB,2026-01-08,1.44,2026-01-09,Refinitiv
FEMSAUBD,2026-01-15,2.5271,2026-01-16,Refinitiv
FEMSAUBD,2026-01-15,1.14565,2026-01-16,Refinitiv
VESTA,2026-01-16,,2026-01-19,Refinitiv · 0.0203419 USD: capturar el monto en MXN
GMEXICOB,2026-02-27,1.5,2026-03-02,Refinitiv
CEMEXCPO,2026-03-11,0.039381,2026-03-12,Refinitiv
LABB,2026-03-30,0.2,2026-03-31,Refinitiv
SIGMAFA,2026-04-06,,2026-04-07,Refinitiv · 0.0135 USD: capturar el monto en MXN
AC,2026-04-07,4.28,2026-04-08,Refinitiv
RA,2026-04-07,5.0,2026-04-08,Refinitiv
KIMBERA,2026-04-08,0.55,2026-04-09,Refinitiv
GRUMAB,2026-04-09,1.44,2026-04-10,Refinitiv
KOFUBL,2026-04-20,1.935,2026-04-21,Refinitiv
CHDRAUIB,2026-04-22,1.017,2026-04-23,Refinitiv
FEMSAUBD,2026-04-22,1.188,2026-04-23,Refinitiv
FEMSAUBD,2026-04-22,2.014925,2026-04-23,Refinitiv
GENTERA,2026-04-22,0.949833,2026-04-23,Refinitiv
GENTERA,2026-04-22,0.09051,2026-04-23,Refinitiv
LACOMERUBC,2026-04-24,0.2762,2026-04-27,Refinitiv
VESTA,2026-05-05,,2026-05-06,Refinitiv · 0.0218068 USD: capturar el monto en MXN
ALSEA,2026-05-06,1.0,2026-05-07,Refinitiv
BBAJIOO,2026-05-08,1.906996,2026-05-11,Refinitiv
BOLSAA,2026-05-08,2.05,2026-05-11,Refinitiv
CUERVO,2026-05-11,0.54457,2026-05-12,Refinitiv
GCC,2026-05-11,2.0325,2026-05-12,Refinitiv
BIMBOA,2026-05-12,1.075,2026-05-13,Refinitiv
GFINBURO,2026-05-12,1.1,2026-05-13,Refinitiv
PINFRA,2026-05-12,,2026-05-13,Refinitiv · 0.1334 USD: capturar el monto en MXN
Q,2026-05-12,4.5,2026-05-13,Refinitiv
PEOLES,2026-05-13,,2026-05-14,Refinitiv · 0.38 USD: capturar el monto en MXN
MEGACPO,2026-05-20,3.7,2026-05-21,Refinitiv
LIVEPOLC1,2026-05-21,1.77,2026-05-22,Refinitiv
OMAB,2026-05-26,6.280255,2026-05-27,Refinitiv
ASURB,2026-05-27,10.0,2026-05-28,Refinitiv
GFNORTEO,2026-05-28,10.448829,2026-05-29,Refinitiv
GMEXICOB,2026-05-29,1.65,2026-06-01,Refinitiv
CEMEXCPO,2026-06-17,0.053619,2026-06-18,Refinitiv
LABB,2026-06-26,0.2,2026-06-29,Refinitiv
GCARSOA1,2026-06-29,0.75,2026-06-30,Refinitiv
KIMBERA,2026-07-01,0.55,2026-07-02,Refinitiv
GRUMAB,2026-07-09,1.44,2026-07-10,Refinitiv
KOFUBL,2026-07-13,1.935,2026-07-14,Refinitiv
AMXB,2026-07-14,0.27,2026-07-15,Refinitiv
VESTA,2026-07-14,,2026-07-15,Refinitiv · 0.0199919 USD: capturar el monto en MXN
FEMSAUBD,2026-07-15,2.014925,2026-07-16,Refinitiv
FEMSAUBD,2026-07-15,1.188,2026-07-16,Refinitiv
AC,2026-08-04,2.5,2026-08-05,Refinitiv
GMEXICOB,2026-08-27,0.8,2026-08-28,Refinitiv
BBAJIOO,2026-09-03,1.906996,2026-09-04,Refinitiv
CEMEXCPO,2026-09-15,0.053385,2026-09-17,Refinitiv
LABB,2026-09-29,0.2,2026-09-30,Refinitiv
KIMBERA,2026-09-30,0.55,2026-10-01,Refinitiv
SIGMAFA,2026-10-05,,2026-10-06,Refinitiv · 0.0135 USD: capturar el monto en MXN
GRUMAB,2026-10-08,1.44,2026-10-09,Refinitiv
LIVEPOLC1,2026-10-08,1.18,2026-10-09,Refinitiv
KOFUBL,2026-10-12,1.935,2026-10-13,Refinitiv
FEMSAUBD,2026-10-14,1.188,2026-10-15,Refinitiv
FEMSAUBD,2026-10-14,2.014925,2026-10-15,Refinitiv
VESTA,2026-10-14,,2026-10-15,Refinitiv · 0.0199919 USD: capturar el monto en MXN
Q,2026-11-04,4.5,2026-11-05,Refinitiv
AMXB,2026-11-10,0.27,2026-11-11,Refinitiv
WALMEX,2026-11-17,0.58,2026-11-18,Refinitiv
CHDRAUIB,2026-11-24,0.6497,2026-11-25,Refinitiv
ASURB,2026-11-27,10.0,2026-11-30,Refinitiv
OMAB,2026-11-27,6.280255,2026-11-30,Refinitiv
KIMBERA,2026-12-02,0.55,2026-12-03,Refinitiv
KOFUBL,2026-12-07,1.935,2026-12-08,Refinitiv
WALMEX,2026-12-08,0.58,2026-12-09,Refinitiv
CHDRAUIB,2026-12-17,0.6497,2026-12-18,Refinitiv
GCARSOA1,2026-12-17,0.75,2026-12-18,Refinitiv
ASURB,2026-12-22,10.0,2026-12-23,Refinitiv
GRUMAB,2027-01-07,1.44,2027-01-08,Refinitiv
FEMSAUBD,2027-01-13,1.188,2027-01-14,Refinitiv
FEMSAUBD,2027-01-13,2.014925,2027-01-14,Refinitiv
GRUMAB,2027-04-08,1.44,2027-04-09,Refinitiv
