fecha,hora,simbolo,tipo,titulos,precio,comision,iva,bloque,motivo,comentario,caja
2026-08-24,,MEXTRAC,ASIGNACIÓN,24065,63.5800,0.00,0.00,ETF,Asignación BBVA,Inventario BBVA: 60% de lo solicitado,-1530052.70
2026-08-24,,FEMSAUBD,ASIGNACIÓN,5790,203.9500,0.00,0.00,ACTIVA,Asignación BBVA,Inventario BBVA: 70% de lo solicitado,-1180870.50
2026-08-24,,GMEXICOB,ASIGNACIÓN,2920,235.7847,0.00,0.00,ACTIVA,Asignación BBVA,Inventario BBVA: 50% de lo solicitado,-688491.32
2026-08-24,,KOFUBL,ASIGNACIÓN,4205,189.5100,0.00,0.00,ACTIVA,Asignación BBVA,Inventario BBVA: 100% de lo solicitado,-796889.55
2026-08-24,,GAPB,ASIGNACIÓN,1135,358.3700,0.00,0.00,REPRESENTATIVA,Asignación BBVA,Inventario BBVA: 80% de lo solicitado,-406749.95
2026-08-24,,AMXB,ASIGNACIÓN,26775,20.1300,0.00,0.00,REPRESENTATIVA,Asignación BBVA,Inventario BBVA: 110% de lo solicitado,-538980.75
2026-08-24,,GFNORTEO,ASIGNACIÓN,1510,188.4700,0.00,0.00,REPRESENTATIVA,Asignación BBVA,Inventario BBVA: 60% de lo solicitado,-284589.70
2026-08-24,,WALMEX,ASIGNACIÓN,5940,46.5300,0.00,0.00,REPRESENTATIVA,Asignación BBVA,Inventario BBVA: 100% de lo solicitado,-276388.20
2026-08-24,,AC,ASIGNACIÓN,1300,192.8000,0.00,0.00,REPRESENTATIVA,Asignación BBVA,Inventario BBVA: 90% de lo solicitado,-250640.00
2026-08-24,,ASURB,ASIGNACIÓN,340,444.9900,0.00,0.00,REPRESENTATIVA,Asignación BBVA,Inventario BBVA: 100% de lo solicitado,-151296.60
2026-08-24,10:12,AMXB,VENTA,2435,20.1897,0.00,0.00,REPRESENTATIVA,Construcción,Exceso asignado por BBVA,49161.92
2026-08-24,11:20,FEMSAUBD,COMPRA,2480,207.2504,0.00,0.00,ACTIVA,Construcción,Completar la cartera objetivo,-513980.99
2026-08-25,10:05,BOLSAA,COMPRA,15900,38.2473,0.00,0.00,ACTIVA,Construcción,Completar la cartera objetivo,-608132.07
2026-08-25,11:40,GMEXICOB,COMPRA,2915,236.9653,0.00,0.00,ACTIVA,Construcción,Completar la cartera objetivo,-690753.85
2026-08-26,10:30,PINFRA,COMPRA,1275,262.6734,0.00,0.00,ACTIVA,Construcción,Completar la cartera objetivo,-334908.59
2026-08-26,12:05,MEGACPO,COMPRA,3255,55.0725,0.00,0.00,ACTIVA,Construcción,Completar la cartera objetivo,-179260.99
2026-08-27,10:50,BBAJIOO,COMPRA,5225,57.2357,0.00,0.00,ACTIVA,Construcción,Completar la cartera objetivo,-299056.53
2026-08-27,11:55,GAPB,COMPRA,285,365.5575,0.00,0.00,REPRESENTATIVA,Construcción,Completar la cartera objetivo,-104183.89
2026-08-28,10:15,GFNORTEO,COMPRA,1005,190.7858,0.00,0.00,REPRESENTATIVA,Construcción,Completar la cartera objetivo,-191739.73
2026-08-28,11:10,AC,COMPRA,145,194.6315,0.00,0.00,REPRESENTATIVA,Construcción,Completar la cartera objetivo,-28221.57
2026-08-28,12:30,MEXTRAC,COMPRA,15605,63.6954,0.00,0.00,ETF,Construcción,Completar la cartera objetivo,-993966.72
2026-09-09,11:30,FEMSAUBD,VENTA,600,199.3005,358.74,57.40,ACTIVA,Regla A,Práctica: recorte de sobrepeso,119164.16
2026-09-17,10:40,OMAB,COMPRA,300,208.6284,187.77,30.04,REPRESENTATIVA,Regla B,Práctica: catch-up de under,-62806.33
2026-09-21,12:10,BBAJIOO,VENTA,500,57.2327,85.85,13.74,ACTIVA,Rebalanceo,Práctica: venta con comisión,28516.76
2026-09-03,,WALMEX,DIVIDENDO,5940,0.4000,0.00,0.00,REPRESENTATIVA,Dividendo en efectivo,pago 2026-09-10 · Simulado (práctica),2376.00
2026-09-11,,KOFUBL,DIVIDENDO,4205,1.2500,0.00,0.00,ACTIVA,Dividendo en efectivo,pago 2026-09-18 · Simulado (práctica),5256.25
