simbolo,peso,razon
MEXTRAC,25.5000,Pasivo (núcleo)
PEOLES,7.4493,OVER (top-10)
FEMSAUBD,15.1816,OVER (top-10)
BOLSAA,5.3635,OVER (top-10)
GMEXICOB,12.3881,OVER (top-10)
PINFRA,3.0169,OVER (top-10)
MEGACPO,1.6463,OVER (top-10)
BBAJIOO,2.6594,OVER (top-10)
KOFUBL,7.1736,OVER (top-10)
GAPB,4.5813,Representativa
AMXB,4.4100,Representativa
GFNORTEO,4.2684,Representativa
AC,2.5104,Representativa
WALMEX,2.4881,Representativa
ASURB,1.3632,Representativa
EFECTIVO,0.0000,Remanente por redondear a títulos enteros
