fecha,dia,valor,efectivo,rend_dia,bench_dia,activo_dia,rend_acum,bench_acum,activo_acum,te_expost,comisiones,estado
2026-08-24,1,10037726.47,3430231.66,0.003773,0.001887,0.001885,0.003773,0.001887,0.001885,,0.00,cierre
2026-08-25,2,10105898.07,2131345.74,0.006792,0.009419,-0.002628,0.010590,0.011324,-0.000735,,0.00,cierre
2026-08-26,3,10090525.82,1617176.16,-0.001521,0.001244,-0.002765,0.009053,0.012583,-0.003530,0.042006,0.00,cierre
2026-08-27,4,10002550.94,1213935.74,-0.008719,-0.004970,-0.003748,0.000255,0.007550,-0.007294,0.039942,0.00,cierre
2026-08-28,5,9968789.67,7.72,-0.003375,-0.007181,0.003806,-0.003121,0.000315,-0.003436,0.052802,0.00,cierre
2026-08-31,6,9953045.52,7.72,-0.001579,-0.003616,0.002037,-0.004695,-0.003303,-0.001393,0.050426,0.00,cierre
2026-09-01,7,9825024.02,7.72,-0.012863,-0.012782,-0.000080,-0.017498,-0.016043,-0.001455,0.046042,0.00,cierre
2026-09-02,8,9886386.27,7.72,0.006246,0.008632,-0.002386,-0.011361,-0.007550,-0.003812,0.044336,0.00,cierre
2026-09-03,9,9906029.22,2383.72,0.001987,0.002377,-0.000390,-0.009397,-0.005190,-0.004207,0.041476,0.00,cierre
2026-09-04,10,9880295.52,2383.72,-0.002598,-0.002055,-0.000542,-0.011970,-0.007235,-0.004735,0.039105,0.00,cierre
2026-09-07,11,9846282.97,2383.72,-0.003442,-0.004278,0.000835,-0.015372,-0.011482,-0.003890,0.037630,0.00,cierre
2026-09-08,12,9896484.57,2383.72,0.005099,0.001432,0.003667,-0.010352,-0.010066,-0.000285,0.040349,0.00,cierre
2026-09-09,13,9850208.93,121547.88,-0.004676,-0.001907,-0.002769,-0.014979,-0.011953,-0.003026,0.040475,416.14,cierre
2026-09-10,14,9772157.38,121547.88,-0.007924,-0.006527,-0.001397,-0.022784,-0.018402,-0.004382,0.039198,416.14,cierre
2026-09-11,15,9750034.68,126804.13,-0.002264,-0.003365,0.001101,-0.024997,-0.021705,-0.003292,0.038218,416.14,cierre
2026-09-14,16,9886828.08,126804.13,0.014030,0.011093,0.002937,-0.011317,-0.010852,-0.000465,0.038996,416.14,cierre
2026-09-15,17,9822257.73,126804.13,-0.006531,-0.006678,0.000147,-0.017774,-0.017458,-0.000316,0.037764,416.14,cierre
2026-09-17,18,9841556.95,63997.80,0.001965,0.000000,0.001965,-0.015844,-0.017458,0.001614,0.037380,633.95,cierre
2026-09-18,19,9763445.50,63997.80,-0.007937,0.000160,-0.008097,-0.023655,-0.017301,-0.006354,0.047003,633.95,cierre
2026-09-21,20,9832347.51,92514.56,0.007057,-0.000640,0.007697,-0.016765,-0.017930,0.001165,0.053912,733.54,cierre
2026-09-22,21,9951784.76,92514.56,0.012147,0.009129,0.003019,-0.004822,-0.008965,0.004144,0.053535,733.54,cierre
2026-09-23,22,9940822.36,92514.56,-0.001102,0.000317,-0.001419,-0.005918,-0.008651,0.002733,0.052533,733.54,cierre
2026-09-24,23,9943312.61,92514.56,0.000251,0.002538,-0.002288,-0.005669,-0.006134,0.000465,0.051946,733.54,cierre
2026-09-25,24,10068211.11,92514.56,0.012561,0.010445,0.002116,0.006821,0.004247,0.002574,0.051254,733.54,cierre
2026-09-28,25,10078192.11,92514.56,0.000991,0.001879,-0.000888,0.007819,0.006134,0.001685,0.050275,733.54,cierre
2026-09-29,26,10123360.11,92514.56,0.004482,0.003595,0.000886,0.012336,0.009751,0.002585,0.049324,733.54,cierre
2026-09-30,27,9985327.66,92514.56,-0.013635,-0.016822,0.003187,-0.001467,-0.007235,0.005768,0.049275,733.54,cierre
2026-10-01,28,9898298.46,92514.56,-0.008716,-0.009030,0.000315,-0.010170,-0.016200,0.006030,0.048355,733.54,cierre
2026-10-02,29,10008633.61,92514.56,0.011147,0.011671,-0.000524,0.000863,-0.004718,0.005582,0.047535,733.54,cierre
2026-10-05,30,10101295.11,92514.56,0.009258,0.010272,-0.001014,0.010130,0.005505,0.004625,0.046839,733.54,cierre
2026-10-06,31,10084967.26,92514.56,-0.001616,0.002033,-0.003650,0.008497,0.007550,0.000947,0.047313,733.54,cierre
2026-10-07,32,9991982.06,92514.56,-0.009220,-0.010927,0.001707,-0.000802,-0.003460,0.002658,0.046780,733.54,cierre
