simbolo,peso_directo,peso_indice,activo,activo_libro,cte_total,cte_libro,rend_base,rend_relativo,umbral_b,senal
PEOLES,0.000000,0.000000,0.000000,0.000000,0.000000,0.000000,-0.038613,-0.034971,0.354088,
FEMSAUBD,0.161676,0.104061,0.083754,0.114980,0.007071,0.010106,0.029278,0.033177,0.260174,
BOLSAA,0.057838,0.000000,0.057838,0.078359,0.002959,0.004220,-0.070717,-0.067197,0.286224,
GMEXICOB,0.134495,0.093412,0.064547,0.088804,0.005679,0.008420,0.005844,0.009654,0.295595,
PINFRA,0.034414,0.005950,0.029958,0.040674,0.001446,0.002143,0.038568,0.042502,0.174963,
MEGACPO,0.017038,0.006319,0.012306,0.016764,0.000087,0.000177,-0.037132,-0.033485,0.284599,
BBAJIOO,0.027382,0.020211,0.012248,0.016887,0.000255,0.000417,0.016299,0.020148,0.211270,
KOFUBL,0.081242,0.080384,0.021048,0.029683,0.001788,0.002611,0.009662,0.013486,0.206594,
GAPB,0.051342,0.101008,-0.024295,-0.031450,0.000292,0.000235,0.022785,0.026659,0.276318,
AMXB,0.048915,0.103419,-0.028526,-0.037147,-0.001168,-0.001634,0.015657,0.019504,0.201051,
GFNORTEO,0.047701,0.097593,-0.025379,-0.032968,-0.000935,-0.001370,-0.003727,0.000047,0.211561,
AC,0.028030,0.073420,-0.026947,-0.035444,-0.000805,-0.001176,-0.001183,0.002600,0.183430,
WALMEX,0.027716,0.074703,-0.028224,-0.037154,-0.000291,-0.000468,-0.027292,-0.023607,0.211568,
ASURB,0.014161,0.057405,-0.028824,-0.038219,0.000134,0.000032,-0.048425,-0.044820,0.193908,
OMAB,0.006159,0.037334,-0.021797,-0.028990,0.000355,0.000348,-0.038427,-0.034785,0.265864,
KIMBERA,0.000000,0.027478,-0.020576,-0.027478,0.000293,0.000301,-0.068776,-0.065249,0.165592,
VESTA,0.000000,0.021502,-0.016101,-0.021502,0.000101,0.000090,0.042948,0.046899,0.215479,
BIMBOA,0.000000,0.020744,-0.015533,-0.020744,-0.000646,-0.000927,-0.056245,-0.052670,0.209925,
Q,0.000000,0.015213,-0.011392,-0.015213,-0.000040,-0.000089,-0.007914,-0.004156,0.309092,
CEMEXCPO,0.000000,0.013718,-0.010273,-0.013718,-0.000411,-0.000615,-0.066200,-0.062663,0.265420,
SIGMAFA,0.000000,0.011350,-0.008499,-0.011350,-0.000346,-0.000492,0.006550,0.010363,0.207133,
RA,0.000000,0.009944,-0.007446,-0.009944,-0.000196,-0.000304,-0.012307,-0.008566,0.250920,
TLEVISACPO,0.000000,0.006459,-0.004837,-0.006459,0.000127,0.000152,-0.150964,-0.147748,0.491021,
GENTERA,0.000000,0.006130,-0.004590,-0.006130,-0.000161,-0.000233,-0.132089,-0.128801,0.303441,
GCARSOA1,0.000000,0.005764,-0.004316,-0.005764,-0.000135,-0.000204,0.040326,0.044267,0.340843,
GRUMAB,0.000000,0.004285,-0.003209,-0.004285,-0.000097,-0.000137,-0.049091,-0.045489,0.235782,
CHDRAUIB,0.000000,0.002194,-0.001643,-0.002194,-0.000008,-0.000015,-0.066790,-0.063255,0.251331,
ALPEKA,0.000000,0.000000,0.000000,0.000000,-0.000000,-0.000000,0.202275,0.206829,0.327779,
ALSEA,0.000000,0.000000,0.000000,0.000000,0.000000,0.000000,0.140010,0.144328,0.254123,
CUERVO,0.000000,0.000000,0.000000,0.000000,-0.000000,-0.000000,-0.066257,-0.062720,0.317183,
GCC,0.000000,0.000000,0.000000,0.000000,0.000000,0.000000,-0.093638,-0.090205,0.255835,
GFINBURO,0.000000,0.000000,0.000000,0.000000,0.000000,0.000000,-0.063094,-0.059545,0.195824,
LABB,0.000000,0.000000,0.000000,0.000000,-0.000000,-0.000000,-0.047513,-0.043905,0.238760,
LACOMERUBC,0.000000,0.000000,0.000000,0.000000,0.000000,0.000000,-0.037279,-0.033632,0.266810,
LIVEPOLC1,0.000000,0.000000,0.000000,0.000000,0.000000,0.000000,0.025922,0.029808,0.235019,
ORBIA,0.000000,0.000000,0.000000,0.000000,0.000000,0.000000,0.065134,0.069169,0.343654,
VOLARA,0.000000,0.000000,0.000000,0.000000,0.000000,0.000000,-0.000866,0.002919,0.357746,

# te_exante,0.063778
# te_libro,0.086011
# beta,0.9252
# var95_1d,0.015000
# datos_al,2026-10-07
